instance,of,seconds
10teams,916.9999999999999,119.859
116_205_1262_66,176.0000000000004,848.941
121_147_1345_33,119.99999999999977,677.797
121_147_1345_33_pp,120.0000000000004,354.754
22433,21240.52617079889,112.602
23588,7649.866133822498,113.094
23844-T1_0,376993.3333333333,416.551
2club200v15p5scn,-121.2222222222222,124.449
30_70_45_05_100,8.099999999999206,148.852
30n20b8,1.5664076455877114,152.930
50v-10,2879.0656868536717,116.895
a05100,1697.7272727272727,116.195
a10100,1358.556923076923,116.320
A-1,3100022.0,169.520
a2864-99blp,-282.9604743082995,1690.297
a2c1s1,730.2074999999998,124.012
A-2,5600038.0,214.914
A-4-cuts,43.89357640250216,237.691
A-5,105.06104855621797,255.891
academictimetablebig,25.444444444444443,656.059
academictimetablesmall,0.0,335.996
acc-tight2,0.0,124.238
acc-tight4,0.0,121.809
acc-tight5,0.0,134.789
adult-max5features,0.08131607920112323,200.191
air03,338864.25,140.617
air04,55535.4363882243,143.164
air05,25877.609267851418,134.188
aligninq,2654.7368022053315,119.555
allcolor10,6.0,179.699
allcolor58,42.00000000000001,391.773
app1-1,-22.824355359110093,125.125
app3,5627412.287938101,121.078
ash608gpia-3col,2.0,180.746
assign1-10-4,353.99292647113504,133.609
assign1-5-8,183.36255497382194,114.258
atlanta-ip,81.24319882513115,322.102
atm20-100,2141734.684877532,135.035
attfInst1,189.00000000000003,119.512
attfInst2,333.00000000000006,126.844
attfInst3,414.00000000000006,123.301
attfInst4,642.9999999999998,126.852
attfInstA,190.0,122.102
attfInstC,405.0,142.441
attfInstD,635.5000000000003,140.832
australia_ABS_L1-CTA,0.0,163.059
b2c1s1,4034.2183333333314,126.164
bab1,-286923.824223,281.422
bab2,-432165.72655860044,478.684
bab3,-733091.1804432153,849.008
bab5,-124657.6414132251,167.137
bab6,-321641.35874872236,309.828
bacasp,0.0,223.340
b-ball,-1.8181818181818181,111.758
beavma,155777.62784710378,113.328
bell5,8608417.946508028,112.152
berlin_5_8_0,52.0,118.949
bg512142,144364.0738152496,119.387
biella1,3060037.4307631077,142.016
bienst1,11.724137931034482,115.523
binkar10_1,6637.188026943755,119.188
bjorn1,687.1380958416123,121.789
bl15_t,32220.0,229.375
blend2,6.915675114009085,111.547
bley_xl1,154.39020000000008,598.762
blp-ar98,5891.22658029485,168.824
blp-ic97,3846.358667053333,145.523
blp-ic98,4331.168352598078,163.750
blp-ir98,2235.20232309619,135.270
BMOIPR2,-46628940.711140774,154.203
bnatt400,0.0,147.895
bppc4-08,51.58999999999999,120.207
bppc6-02,108.33999999999996,156.750
bppc6-06,200.6333333333333,135.691
bppc8-02,486.5,111.691
bppc8-09,444.4360465116279,113.965
br1,54.9,123.828
br3,102.59999999999997,132.355
br5,380.9,188.316
brasil,2208.7083333333326,125.984
BrazilInstance2,3.9999999999999036,155.645
buildingenergy,33246.215058898524,543.977
c10400,5591.103878905595,120.824
c20400,4774.150442476892,123.613
cap6000,-2451537.3250240455,131.148
cargo_07,0.0,147.281
cdc7-4-3-2,-381.0000000000002,273.914
cdma,-6.382890198082084e+16,168.625
chromaticindex1024-7,3.0,319.102
chromaticindex128-5,3.0000000000000004,146.703
chromaticindex512-7,2.999999999999999,236.512
circ10-3,140.0,192.488
ci-s4,4.963809137330339,170.148
cl_06_020_03,184.12333333333336,155.004
cl_06_020_09,175.89666666666656,152.109
cl_08_020_01,484.01515151515144,116.988
cl_08_020_03,441.4733333333334,119.113
cl_08_020_04,444.8941798941799,118.496
cl_08_020_06,474.5652173913043,117.574
cl_08_020_07,338.71296296296305,119.719
cl_08_020_10,310.62,120.023
cmflsp40-36-2-10,61740119.88886102,193.156
cmflsp50-24-8-8,54633108.509346716,142.824
co-100,917102.2144266693,322.242
cod105,-18.285714285714278,135.680
comp05_2idx,0.0,162.266
comp07_3idx,0.0,490.582
comp09_3idx,0.0,238.684
comp11_2idx,0.0,137.371
comp12_3idx,3.0000000000000004,357.277
comp18_2idx,0.0,143.027
compact_abz5,859.0,117.992
core2536-691,688.4760340423479,180.148
core2586-950,935.9218205677992,159.562
core4284-1064,1054.0544912748428,207.508
core4872-1529,1509.718561053802,200.801
cost266-UUE,20161515.663928583,122.488
cov1075,17.142857142857146,113.781
cryptanalysiskb128n5obj16,0.0,327.117
csched008,171.0,120.551
csched010,332.4227272727273,118.379
cvs16r128-89,-127.99999999999817,128.207
cvs16r70-62,-69.9999999999992,124.902
d10200,12425.58300545183,127.582
d801600,97033.99999999993,283.395
da_BPWC_3_8_4,76.56730000000002,975.145
da_BPWC_3_8_4_pp,76.56729999999934,800.445
dale_L1-CTA,0.0,170.848
dano3_5,576.2316202745685,167.809
dano3mip,576.2316202745685,169.223
danoint,62.637280418450764,117.695
datt256,255.99999999999912,518.848
dc1c,1754946.8636381591,159.305
dc1l,1744591.6929417702,242.953
dcmst_v20a50d4,288.0534099616859,122.816
dcmulti,183975.53969317526,115.617
decomp1,-120.0,138.246
dfn-bwin-DBE,17890.946197714282,118.680
dfn-gwin-UUM,27467.257234726694,116.629
dg012142,757818.4801144676,127.723
disctom,-5000.000000000001,132.105
dolom1,6556066.068315313,156.055
draw-gemcutter,1340.0,113.625
draw-product,4217.0,120.555
drayage-25-27,26785.79704284667,137.195
ds-big,86.82006842337762,484.867
dsbmip,-305.19817500948193,119.445
ds,57.234565259439286,291.602
dt_optimization,201.8539041101264,177.957
dws012-03,1469.6000000000001,243.344
e20100,8359.582040205076,115.809
e40400,44523.42860497672,135.332
eil33-2,811.2789961228071,125.578
eilA101-2,803.3738883297608,317.121
eilA76,828.7084130540892,116.090
eilB101.2,1066.5866355547696,249.508
eilB101,1075.2476907784417,121.969
eilB76,1021.1851707445115,116.145
eilC76-2,725.7544578514297,205.770
eilC76,732.0147501303672,117.945
eilD76.2,672.5465467573284,220.766
eilD76,680.5389965303522,118.484
ej,1.0,113.152
enigma,0.0,111.531
enlight14,0.0,112.051
enlight_hard,0.0,112.715
ensemble1,-2677.0066006600655,150.895
erd_FMAS12_1st_phase,26953.0,165.871
etDecsiDeenpDeeltEa,0.0,163.926
eva1aprime5x5opt,-497.24772933423293,160.285
eva1aprime6x6opt,-495.49242973392836,229.352
ex1010-pi,220.6700870448367,167.512
ex10,100.00000000000055,869.430
ex9,81.00000000000007,455.434
exp-1-500-5-5,28427.048404552133,116.922
f2000,1330.999999999985,160.020
f2gap201600,76429.86229621104,115.961
f2gap401600,82274.2374341957,116.277
f2gap40400,20650.898153963255,111.078
f2gap801600,86570.12086656285,116.449
fast0507,172.1455666765488,216.262
fastxgemm-n2r6s0t2,27.0,117.668
fastxgemm-n3r22s4t6,83.99999999999997,435.953
fhnw-binpack4-4,0.0,113.488
fhnw-binpack4-77,0.0,130.094
fhnw-binschedule0,12632.888779144958,707.809
fhnw-binschedule1,33392.8946140491,1709.141
fhnw-binschedule2,1706.8862544362544,150.914
fhnw-schedule-paira100,-36.643680874092354,136.078
fhnw-schedule-paira400,-146.9410786111565,434.258
fhnw-schedule-pairb200,-73.8264792090405,253.930
fhnw-schedule-pairb400,-146.9410786111565,640.949
fhnw-schedule-slot-200,-73.8264792090405,235.219
fhnw-sq2,0.0,116.316
fiball,137.06916764361077,166.012
fiber,156082.5175925926,117.715
fixnet6,1200.884,114.652
flugpl,1167185.7255923203,113.355
Forum-21b6b8af-1736-4383-aa06-634a568ed3f5,1.4623407373999284,158.117
Forum-e7dc26bf-753c-4e8e-a07b-63d9a200bc58,-76799.99999999997,136.746
g.31.8,-27.0,216.918
gen-ip002,-4840.541961300888,114.242
gen_ip_003,-2617.390732677057,111.691
gen_ip_004,15560.303483073623,112.566
gen_ip_005,-8154.836920304866,113.480
gen-ip016,-9505.6281727603,113.754
gen_ip_017,3698.118462984541,113.223
gen_ip_018,3828.4067022922045,113.344
gen_ip_023,-6684.0117994654875,111.875
gen_ip_024,-8801.481745889316,112.809
gen_ip_025,-691.0942856840405,112.754
gen_ip_026,-22183.636163396615,113.766
gen_ip_027,-4338.606963602783,112.859
gen_ip_028,-15586.545705640205,112.344
gen_ip_029,-2963.635371957432,111.484
gen_ip_031,-3853.7694434557384,113.176
gen_ip_032,2213.6620271493407,111.484
gen_ip_034,-33249.75691978972,112.199
gen_ip_035,-9091.735513807036,113.309
gen-ip036,-4632.298152873464,112.605
gen_ip_037,-760.1174661342742,112.117
gen_ip_038,-8862.40393395416,113.844
gen_ip_039,2849.4123638986225,113.340
gen_ip_040,2317.9135429676257,112.191
gen_ip_041,8632.789490293586,114.047
gen_ip_042,-10212.62414830849,113.898
gen_ip_046,8295.854463356625,111.844
gen_ip_050,-5280.8518341124345,113.629
gen_ip_052,-2960.9376457649187,111.875
gen-ip054,6765.209042644034,111.957
gen_ip_056,5257.397105048657,111.754
gen_ip_058,-6605.220638380949,114.180
gen_ip_059,5310.650686167353,114.070
gen_ip_062,-10526.263089095593,112.043
gen_ip_066,-2332.006389587271,114.180
gen_ip_068,-5559.429150371546,113.227
gen_ip_071,2218.337478908916,111.848
gen_ip_072,3021.9840408787945,112.168
gen_ip_076,-6023.494884167268,112.746
gen_ip_077,-5931.32331817741,113.258
gen_ip_080,844.0436754144787,113.500
gen_ip_081,812.984965313456,111.605
gen,112130.04066386049,116.809
genus-sym-g62-2,-54.0,266.164
ger50-17-ptp-pop-3t,3466.323206884063,123.902
ger50-17-trans-pop-3t,3456.2529224828645,155.812
germanrr,45980135.41639882,165.828
germany50-DBM,438028.0,136.645
gesa2-o,25476489.678122617,118.906
gesa3,27833632.450665344,119.152
gfd-schedulen180f7d50m30k18,1.0,768.098
glass4,800002400.0,111.934
glass-sc,14.080295856534109,119.223
gmu-35-40,-2406943.5563428816,116.348
gmu-35-50,-2608070.3157430077,117.684
gmut-75-50,-14182312.66173132,289.398
gmut-76-50,-14173884.188063154,272.590
gmut-77-40,-14173396.636852434,160.570
go19,76.53022243896685,111.848
gr4x6,185.55,111.422
graph20-20-1rand,-37.0,131.016
graph40-20-1rand,-157.0,288.637
graph40-40-1rand,-300.0,689.844
graph40-80-1rand,-512.0,1967.902
graphdraw-domain,12672.0,111.648
graphdraw-gemcutter,4310.0,114.020
graphdraw-grafo2,35762.0,463.754
gsvm2rl3,0.012000000000000012,113.160
gsvm2rl5,0.19999999999999993,114.086
gt2,13460.233074411897,112.406
gus-sch,-1205.7303921568628,130.652
h80x6320,3700.0,121.820
hanoi5,1467.0,150.688
haprp,3665963.2135058064,116.500
harp2,-74353341.50229962,117.879
hgms30,-53349.215497362864,423.535
hgms62,-53416.64990713219,1075.973
hgms-det,-53824.391475988305,140.762
highschool1-aigio,0.0,1632.430
hypothyroid-k1,-2902.852585576977,243.266
ibarra,390.61153877067596,111.805
ic97_potential,3868.0,117.895
ic97_tension,3892.0,115.324
icir97_tension,6302.0,117.516
iis-100-0-cov,16.66666666666666,114.762
iis-bupa-cov,26.497216877543124,118.281
iis-hc-cov,9.517060774198471,127.473
iis-pima-cov,26.620389389112816,145.949
in,57.99999999999996,3446.266
irish-electricity,2546254.563205164,339.035
irp,12123.530222333333,149.316
istanbul-no-cutoff,51.11,167.297
ivu06-big,135.42771825425078,1791.535
ivu06,135.90135263286706,863.785
ivu52,480.25043841429607,381.785
ivu59,884.4569933680139,2676.520
j12016_10_cuts,47.95903292361612,1156.586
j12016_10,42.216336321281744,202.379
j12048_7,0.0,130.352
j12052_10,11.342798969604459,168.840
j3014_5,0.0,115.227
j3041_1,0.12389597644749983,117.094
j3047_2,0.0,116.348
j3050_8,0.0,113.250
j6029_7,13.765018616554258,141.199
j9025_10,0.0,143.488
j9025_6,15.811860282467507,141.789
j905_8,1.3884890438360742,138.238
janos-us-DDM,1488134.75,116.922
k1mushroom,-4165.061224489449,488.277
keller4cpart,7.333333333333333,559.738
keller4cpartpp,14.73811517053914,441.973
khb05250,95919464.0,115.301
kosova1,0.0,1692.988
kottenpark09,179.0,3002.262
l152lav,4656.363636363636,117.184
l2p12,2.0,165.949
layer2,-22580999.99982749,113.387
layer3,-3724539998.602796,119.516
layer4,-3455673656.974293,119.449
layer,-22580999.99999999,111.922
lectsched-4-obj,0.0,147.535
leo1,388573315.50960773,141.504
leo2,386421293.20891905,163.355
liu,346.0,119.500
long05_j,268.1666666666667,328.973
long_hidden01_j,140.00000000000006,310.766
loopha13,6.279000000000004,172.504
lotsize,348385.3465507298,120.043
LpPackingModel2_Dim10,-93676613.99999058,208.188
LpPackingModel5_Dim15,-66030132.70000622,350.160
LR1_DR02_VC03_V8a_t360,138377.2398498638,159.461
lr1dr02vc05v8a-t360,120706.32647450139,177.574
LR1_DR03_VC03_V10b_t360,174469.00817992192,152.832
LR1_DR08_VC10_V40a_t120,179157.37595917968,232.594
lr1dr12vc10v70b-t360,983950.2479446721,602.000
LR2_11_DR2_33_VC4_V11a_t60,-47107.09544071147,273.188
LR2_22_DR3_333_VC4_V14a_t60,-63405.51500658989,654.785
lrsa120,29.00000000000036,150.625
lseu,834.6823529411765,112.328
m100n500k4r1,-25.00000000000001,114.023
mad,0.0,111.938
manna81,-13297.0,139.867
map10,-602.1761806187844,440.750
markshare2,0.0,112.598
markshare_4_0,0.0,112.680
markshare_5_0,0.0,112.523
mas74,10482.795280331206,112.750
mas76,38893.90364052266,113.367
maxgasflow,-70929535.9,131.898
mc11,608.8443396226415,119.266
mcsched,193774.75370662293,123.359
medium_hint02_j,24.0,226.957
methanosarcina,0.0,152.953
mik-250-1-100-1,-79842.42363461945,112.613
mik-250-20-75-3,-60670.36663848896,112.469
milo-v12-6-r1-75-1,669700.7578960932,140.297
milo-v13-4-3d-4-0,34031.17180488533,117.395
mine-90-10,-887165318.5102262,128.219
mining,-949724584.6968555,1531.832
minuteddispatchstrategy,1897.140518650424,290.480
misc03,1910.0,111.207
misc06,12841.689392265072,119.113
misc07,1415.0,113.070
mitre,114740.51848146181,138.539
mkc1,-611.8500000000007,123.910
mkc,-611.8500000000007,124.207
m-minas196,-708806.9999999999,861.332
mod008,290.9310727149688,111.023
mod010,6532.083333333333,117.148
mod011,-62121982.55190485,132.176
modglob,20430947.618853647,111.168
momentum1,72793.34525453381,184.836
momentum3,91952.39229224616,535.879
monks-2.test.sc,59.60336022898427,118.930
monks-2.train.sc,31.992090046568787,118.730
msc98-ip,19520966.15166435,239.566
mtest4ma,33968.065673149766,118.297
mushroom-best,1.2682926829268286e-05,168.426
mzzv11,-22945.2396313364,228.117
mzzv42z,-21622.998481242863,244.770
n080w8-1,1008.75,163.332
n13-3,4287.647058823532,121.473
n15-3,23703.941176470595,408.461
n2seq36f,52000.0,129.137
n2seq36q,52000.0,174.074
n3-3,7465.294117647063,142.594
n3705,973361.017011933,128.438
n3div36,114333.37474120082,182.879
n3seq24,52000.00000000001,335.922
n4-3,4080.8823529411784,124.578
n5-3,2883.823529411765,120.402
n6-3,6311.764705882354,134.660
n7-3,9380.588235294119,128.711
n9-3,7889.705882352943,136.941
nag,465.0,141.035
nb10tb,12986061164.423563,911.117
neos-1067731,669053.0000000003,141.332
neos-1096528,278.0,824.785
neos10,-1246.1649214659685,206.812
neos-1109824,278.0,166.465
neos-1122047,160.99999999999997,180.801
neos-1140050,5071593.661704198,385.438
neos-1171448,-309.0,149.297
neos-1171737,-195.0,120.859
neos-1215891,-1256.9428571428575,138.938
neos-1223462,-751.000000012,138.754
neos-1224597,-428.0,125.965
neos-1281048,450.00000000000045,117.832
neos-1311124,-182.0,118.145
neos-1324574,4.5,120.715
neos-1330346,4.499999999999999,134.750
neos-1337307,-203123.97385620928,132.512
neos-1354092,13.28571428571426,159.914
neos-1367061,31320456.26449716,338.863
neos-1396125,388.55239976630634,120.770
neos13,-126.17837780937634,169.613
neos-1420546,22124.399999990328,153.773
neos-1420790,2942.7500020099887,125.551
neos-1423785,-1816.6666674828718,183.281
neos-1425699,3175204364.635297,112.750
neos-1429212,30.0,721.500
neos-1437164,7.629705882352934,119.945
neos-1440225,36.0,120.426
neos-1441553,7.6348039215686265,118.465
neos-1442119,-182.0,118.055
neos-1445532,-22878.234948730355,130.785
neos-1445738,-24232.548846192585,137.656
neos-1456979,154.0,133.605
neos-1516309,33432.333333333336,121.992
neos-1582420,87.57611839584948,135.289
neos-1593097,4423.999999999999,148.980
neos-1595230,2.692307692307693,113.352
neos-1597104,-29.999999999999996,210.613
neos-1599274,31235.742857142857,123.879
neos-1601936,1.0,152.383
neos-1605061,6.150735294117667,204.836
neos-1620770,1.0,124.715
neos-1620807,1.0,112.816
neos16,429.0,112.668
neos17,0.000681498501498498,116.258
neos18,7.0,145.070
neos1,5.600000000000002,120.941
neos-2075418-temuka,0.0,1356.551
neos22,413700.0,126.293
neos-2328163-agri,26069.0,121.840
neos-2629914-sudost,39622.0,139.277
neos-2652786-brda,0.0,115.301
neos-2657525-crna,0.0,116.699
neos-2669500-cust,2221.900000000006,277.555
neos-2746589-doon,1985.750000000003,203.523
neos-2978193-inde,-2.4185181859999987,140.152
neos-2978205-isar,-12.415306728999996,224.121
neos-2987310-joes,-610797465.6769747,238.430
neos-2991472-kalu,0.0,520.172
neos2,-4717.666848100766,118.367
neos-3004026-krka,0.0,141.773
neos-3009394-lami,0.6428571429,121.387
neos-3024952-loue,22882.0,127.320
neos-3025225-shelon,0.05257405202867409,511.273
neos-3045796-mogo,-175.0,135.090
neos-3046615-murg,192.0,113.738
neos-3072252-nete,10593526.0,115.766
neos-3083819-nubu,6290575.552807326,130.660
neos-3116779-oban,0.0,114.156
neos-3118745-obra,253.8333333333334,116.066
neos-3148108-pahi,0.0,354.254
neos-3209462-rhin,6.661338147750939e-15,323.367
neos-3209519-ruhr,332.84999999999985,138.637
neos-3214367-sovi,87802.73259553972,169.602
neos-3216931-puriri,58817.35306581276,156.297
neos-3226448-wkra,0.0,151.102
neos-3237086-abava,0.0,191.434
neos-3322547-alsek,398.42666666666656,867.094
neos-3352863-ancoa,27300.42821930886,276.523
neos-3354841-apure,48447.92626728109,402.145
neos-3355323-arnon,0.0,153.277
neos-3372571-onahau,0.3548972623923998,247.785
neos-3381206-awhea,415.2399999999999,113.605
neos-3402294-bobin,0.0,847.852
neos-3402454-bohle,0.0,3178.004
neos-3426085-ticino,221.78059999999994,117.672
neos-3426132-dieze,401.99520000000024,126.867
neos-3437289-erdre,0.0,155.859
neos-3530905-gaula,150.6536,115.516
neos-3555904-turama,-41.45,603.738
neos-3572885-glina,0.0,176.852
neos-3581454-haast,1640.0000000000002,212.695
neos-3594536-henty,383205.0,167.203
neos-3603137-hoteo,0.0,132.340
neos-3610051-istra,44.55531250000001,116.609
neos-3611689-kaihu,100.87875000000001,112.133
neos-3627168-kasai,945808.0955555546,117.527
neos-3634244-kauru,0.0,743.617
neos-3660371-kurow,286.5343834383438,125.488
neos-3665875-lesum,248.325,130.508
neos-3682128-sandon,4737725.71461482,136.691
neos-3691541-lonja,-0.07927100867999999,139.574
neos-3695882-vesdre,-145935.21428571426,372.578
neos-3696678-lyvia,4.422662246225101,133.410
neos-3754224-navua,55687.623609530914,441.531
neos-3754480-nidda,-1216923.270104403,114.332
neos-3755335-nizao,50.03015653260001,310.406
neos-3759587-noosa,48.33446776939999,220.207
neos-3988577-wolgan,119.0,270.188
neos-4165869-wannon,96.41016637064315,264.613
neos-4292145-piako,5484.840007999999,334.285
neos-4295773-pissa,0.0,636.840
neos-4300652-rahue,0.0,341.445
neos-4306827-ravan,-35696.90191316502,492.832
neos-4321076-ruwer,1880.5583333332252,788.426
neos-4322846-ryton,0.4198483640000001,349.723
neos-4333464-siret,6.72706,127.770
neos-4333596-skien,-14653956.914930066,117.957
neos-4338804-snowy,1447.0,125.242
neos-4343293-stony,15.028155,152.605
neos-4355351-swalm,9.2618675,231.703
neos-4359986-taipa,0.2965927395272348,212.945
neos-4360552-sangro,-29.499999999999996,218.812
neos-4391920-timok,8.630747026686092e-06,388.262
neos-4408804-prosna,914.4835164835166,302.480
neos-4409277-trave,0.0,213.203
neos-4413714-turia,43.47465101,437.445
neos-4532248-waihi,0.0,295.805
neos-4533806-waima,3063.3188405797123,326.199
neos-4545615-waita,3606.594190440067,993.266
neos-4562542-watut,3743.304347826092,415.586
neos-4647027-thurso,26911.64161555367,673.434
neos-4647030-tutaki,26911.641615553694,611.062
neos-4647032-veleka,26587.908699197462,629.836
neos-4650160-yukon,-22688.547680000036,120.668
neos-4724674-aorere,3758.753179098655,339.605
neos-4736745-arroux,71652993.96428904,122.281
neos-4738912-atrato,65143485.99418827,125.355
neos-4754521-awarau,0.0,552.930
neos-4760493-puerua,1908.2436950684928,265.129
neos-476283,406.24470775165565,501.121
neos-4797081-pakoka,0.0,209.969
neos-4805882-barwon,1603.902830471709,183.875
neos-480878,455.2987960273175,124.820
neos-4954274-beardy,18659.208281816045,177.672
neos-4954672-berkel,1150229.1752941173,119.688
neos-4966258-blicks,354.5454545454543,863.625
neos-4976951-bunnoo,375.6943719464799,638.570
neos-498623,16.000000000000174,143.430
neos-503737,50.0,118.172
neos-5041822-cockle,5611570.032600106,874.469
neos-5044663-wairoa,4653100.000000061,502.012
neos-5045105-creuse,19.066670564810604,123.727
neos-5049753-cuanza,464.0,1213.109
neos-5051588-culgoa,128.75000000000003,134.332
neos-5052403-cygnet,179.50037100658943,478.016
neos-506428,145945.0,293.488
neos-5075914-elvire,277.3418879028857,124.203
neos-5078479-escaut,7277.986950980463,123.891
neos-5083528-gimone,0.0,222.805
neos-5093327-huahum,3934.0,353.184
neos-5102383-irwell,1740.0,306.199
neos-5104907-jarama,639.9171487026132,935.289
neos-5106984-jizera,721.0,1353.074
neos-5107597-kakapo,0.0,130.891
neos-5114902-kasavu,518.0,1689.801
neos-5116085-kenana,452.0,1247.012
neos-5123665-limmat,652.427430123318,1417.328
neos-5125849-lopori,0.0,125.316
neos-5129192-manaia,0.0,795.316
neos-5138690-middle,605.3649955501037,1843.383
neos-5140963-mincio,8877.0,112.555
neos-5149806-wieprz,0.02769350867363876,349.324
neos-5178119-nalagi,8.569858952216466,144.844
neos-5182409-nasivi,0.0,117.809
neos-5188808-nattai,0.0,194.883
neos-5189128-totara,330131.3907425871,476.254
neos-5192052-neckar,-11980000.0,111.801
neos-5195221-niemur,0.0,235.957
neos-5196530-nuhaka,0.0,217.301
neos-5221106-oparau,0.0,410.172
neos-5223573-tarwin,0.1058,1283.195
neos-525149,60.0,413.492
neos-5260764-orauea,58748.02253163571,169.895
neos-5261882-treska,22721.328,126.703
neos-5273874-yomtsa,0.0,1288.508
neos-538867,32.0,116.957
neos-544324,13.862840842114576,351.090
neos-547911,12.486033242331578,198.574
neos-555343,1241512.5494395501,130.762
neos-555424,1196312.54943955,127.527
neos-555884,1026121.836055025,124.801
neos-555927,608345.7084502499,118.473
neos-565815,10.538461538461538,135.438
neos-574665,4948073.456141478,122.293
neos-578379,0.0,200.301
neos-595904,58881.05044449559,122.297
neos5,13.0,111.965
neos-611135,11580.000000000007,244.641
neos-631517,6494999.9999359995,115.988
neos-631694,46.25,127.621
neos-631710,188.25000000000108,652.195
neos-633273,4678552871.152561,148.047
neos-662469,184340.6296491146,140.082
neos-686190,5134.813829787233,126.215
neos-691058,234.0,140.590
neos6,83.0,157.969
neos-709469,493.16000000000014,112.539
neos-738098,-1099.0000000000002,185.418
neos-777800,-79.99999999999996,126.941
neos-780889,3421500.0,419.547
neos-785914,38.0,120.648
neos-787933,2.9999999999999947,226.680
neos-791021,10.666666666666664,131.891
neos-799838,1044000.0,146.547
neos-801834,47993.34467422727,155.961
neos-807456,279.99999999999966,121.102
neos-807639,332.9241174530533,119.582
neos-808214,0.0,123.746
neos-810286,2877.0,144.941
neos-820879,24874.267857142866,137.684
neos-824661,32.99999999999994,167.656
neos-825075,-292.0,117.020
neos-826224,121.00000000000003,178.289
neos-826650,28.0,128.426
neos-827175,112.00151999999999,167.715
neos-831188,1.7677204140000013,123.730
neos-848198,46427.50700000003,133.508
neos-848589,0.0,424.953
neos-849702,0.0,122.836
neos-850681,2087.0,134.586
neos859080,1.0,112.031
neos-859770,4500.000000000002,234.574
neos-860244,3000.0000000000005,172.273
neos-860300,1666.0685857415322,166.270
neos-872648,3.355566284859395,345.402
neos-876808,10030.53383280544,386.371
neos-885086,-242.99999999999991,169.742
neos-885524,11754.884999999995,226.371
neos8,-3773.507927187316,238.195
neos-905856,-8.0,116.953
neos-911970,23.259999999999994,114.887
neos-912015,-14.000000000000002,116.941
neos-912023,-17.0,118.062
neos-913984,1000.0,163.777
neos-916792,26.203595813574314,143.301
neos-931538,985.0,127.793
neos-932721,2376.9999999999995,161.453
neos-933562,0.0,123.852
neos-933966,318.00000000000034,170.387
neos-934278,259.5,141.520
neos-934531,2.00007,192.508
neos-935234,2422.499999999997,152.168
neos-935769,3010.000000000004,130.688
neos-937815,2837.000000000001,137.172
neos-941313,9360.99999999999,266.668
neos-948268,59.99999999999992,125.652
neos-948346,-229.95,246.879
neos-950242,1.0,174.781
neos-952987,1327.3371397537678,161.793
neos-953928,-99.91999999997334,171.559
neos-954925,-237.82370370373974,333.746
neos-956971,-237.80444444432015,243.773
neos-957143,-237.76999999995,173.137
neos-957270,0.5,196.734
neos-957323,-237.75791205515543,214.379
neos-957389,1.5,191.383
neos-960392,-237.99999999999997,192.605
neos9,780.0,231.754
net12,17.249479166666678,183.641
netdiversion,230.8000000000001,554.512
newdano,11.724137931034482,117.293
nexp-150-20-1-5,56.333333333333336,120.633
nexp-150-20-8-5,18.226804123711325,144.855
nexp-50-20-4-2,49.090909090909086,117.301
nh97_potential,1394.0,119.898
nh97_tension,1414.0,117.270
nj1,0.0,323.941
nj3,0.0,604.148
noswot,-42.99999999999999,113.246
nrc2rmn120w4_1_4-6-2-6,1991.5476190476081,421.566
nrperfan,159.30125661375658,121.695
ns1111636,96.25,386.312
ns1116954,0.0,353.340
ns1208400,0.0,133.949
ns1430538,73.62160926736186,226.496
ns1456591,361.939021639,142.391
ns1631475,817.1937479622817,191.910
ns1644855,-1524.333333333331,636.070
ns1663818,1.0000000000000298,800.691
ns1688347,2.0000000000000004,149.812
ns1690781,-1054.966495433206,177.055
ns1696083,1.9999999999999982,195.461
ns1758913,-1501.1832555666665,749.094
ns1760995,-1379.1732370467523,968.609
ns1766074,5833.799999999998,112.539
ns1778858,-28931833.446612384,144.973
ns1828997,0.0,293.078
ns1830653,6152.999999999995,135.352
ns1849932,546.0,453.234
ns1853823,60182.88267617472,705.473
ns1854840,121999.99999999997,381.367
ns1856153,0.0,159.070
ns1904248,0.0,352.578
ns1905797,11.750980000000002,263.215
ns1952667,0.0,189.965
ns2071214,0.0,128.465
ns2124243,53998.33333333331,408.164
ns2137859,24629.000000000022,472.383
ns4-pr3,36073.0,135.906
ns4-pr6,29145.75,126.773
ns4-pr9,35175.0,132.539
ns894786,6.080533274217492,195.066
ns903616,14.750146864133692,157.566
ns930473,0.0,200.094
nsa,91.44793960908102,113.277
nsr8k,17500809.511814576,235.836
nsrand-ipx,48880.0,148.848
nu120-pr3,21306.442307692305,136.742
nu25-pr12,52757.5,126.957
nu60-pr9,22850.0,132.625
nucorsav,29.0461,3759.125
nug08,203.50000000000873,118.691
nursesched-medium04,232.99999999999997,241.820
nursesched-sprint02,54.41666666666665,145.230
nw04,16310.666666666666,261.062
opm2-z11-s8,-62971.93039486135,515.469
opm2-z12-s8,-85456.21003648038,666.207
opm2-z6-s1,-7540.517471910991,149.918
opm2-z7-s2,-12879.686897087431,156.031
opm2-z8-s0,-19394.50312468785,183.230
opt1217,-20.021390374331553,116.262
p0033,2520.5717391304347,112.449
p0201,6875.0,113.570
p0282,176867.50334911313,112.473
p0548,315.2549019607843,114.980
p2756,2688.75,120.742
p6b,-231.0,114.566
page-blocks.pictures.sc,20.512860623576387,155.406
pb-fit2d,-22372.476239210875,339.730
pb-gfrd-pnc,8316.011267885418,147.398
pb-grow22,-449681.20053408225,171.219
pb-market-split8-70-4,0.0,111.348
pb-simp-nonunif,6.0,1604.836
pdistuchoa,-250.0,146.188
peg-solitaire-a3,0.9999999999999868,140.742
pg5_34,-16646.586017379595,118.418
pg,-11824.65738155926,118.422
physiciansched3-4,1124678.2244559166,572.121
physiciansched5-3,5179.999999999991,186.516
physiciansched6-1,7500.0,458.219
physiciansched6-2,43012.5,397.199
pigeon-08,-8000.0,113.199
pigeon-16,-16000.0,120.512
pima.sc,27.774504100895864,139.363
piperout-27,6969.999999999998,160.051
pk1,0.0,112.684
planar150_s,565068.0,199.758
pp08aCUTS,5480.606156321966,112.457
pp08a,2748.345238095238,113.105
prob-23844-t1-0,376993.3333333333,416.219
prob-25581-0,176.99999999999991,294.445
probportfolio,5.0,113.641
prod1,-100.0,112.078
prod2,-100.0,113.547
product_1st_phase,21042.0,145.672
proteindesign122trx11p8,1720.4611046623036,269.043
protfold,-41.957446808510674,135.219
pw-myciel4,0.0,131.246
pythago7825,0.0,152.836
qap10,332.56622765365717,130.734
qiu,-931.638856946999,118.273
qnet1_o,12095.57166666667,117.535
queens-30,-70.9126890196035,157.781
r4l4-02-tree-bounds-50,473009626.0,139.508
r80x800,3651.48,117.578
radiationm18-12-05,17554.5,185.016
radiationm40-10-02,155306.7,432.148
rail01,-92.08729997846459,407.984
rail02,-206.61019995740733,694.395
rail03,-920.2737625219232,863.027
rail507,172.14556667654884,229.145
railway_8_1_0,397.0,121.750
ramos3,145.79999999999978,169.398
ran12x21,3157.377442025726,114.090
ran14x18-disj-8,3444.4210654085387,118.352
rd-rplusc-21,100.0,378.125
reblock115,-39365983.33734706,127.090
reblock166,-886882876.9658288,141.965
reblock354,-39641692.452291675,152.484
reblock420,-886535897.5221374,187.555
rentacar,28806137.644260086,141.422
rgn,48.79999855999996,112.504
rlp1,13.244444444444449,112.000
rmatr100-p5,762.0400543502288,166.336
rmine10,-1926.8638195104731,263.766
rmine13,-3504.6899590739117,423.918
rmine15,-5042.482962975553,786.801
rmine21,-10679.23256707637,1652.008
rmine6,-462.30572737054695,132.605
robot_sch_plain_10_211_3926_0.1,126.9575119210344,192.953
robot_sch_plain_10_211_4288_0.05,76.58146617680953,229.598
robot_sch_plain_10_211_4682_0.01,75.34620162999822,248.879
robot_sch_plain_4_47_1673_0.01,36.31173047779049,228.414
robot_sch_plain_4_50_999_0.05,44.20946552787056,144.715
robot_sch_syn_plain_10_250_7703_0.01#0,39.605900301220274,124.977
robot_sch_syn_plain_10_250_7815_0.01#2,38.46303562864218,125.035
robot_sch_syn_plain_10_250_7815_0.05#2,38.46303562864218,126.988
robot_sch_syn_plain_10_250_7815_0.2#2,38.46530083285666,219.637
robot_sch_syn_plain_10_250_8063_0.05#1,41.61366772413762,130.496
robot_sch_syn_plain_10_250_8063_0.2#1,41.61381928530715,211.719
robot_sch_syn_plain_20_500_29840_0.01#1,36.40107778983592,151.035
robot_sch_syn_plain_20_500_29840_0.1#1,36.40166513044762,315.117
robot_sch_syn_plain_20_500_29840_0.2#1,36.4066276138119,811.168
robot_sch_syn_plain_20_500_30286_0.05#2,35.5967758973786,153.496
robot_sch_syn_plain_20_500_30334_0.2#0,36.788163013590854,555.395
robot_sch_syn_plain_4_100_1328_0.01#1,45.97992,115.738
robot_sch_syn_plain_4_100_1328_0.05#1,45.97992,115.793
robot_sch_syn_plain_4_100_1328_0.1#1,45.97992,118.645
robot_sch_syn_plain_4_100_1328_0.2#1,45.9799925,121.539
robot_sch_syn_plain_4_100_1605_0.01#0,40.61877299536961,115.555
robot_sch_syn_plain_4_100_1605_0.2#0,40.62115613709435,186.688
robot_sch_syn_plain_4_100_1615_0.1#2,46.54507075407502,124.859
robot_sch_syn_plain_4_100_1615_0.2#2,46.55131836840997,133.566
rocI-4-11,-11111086.671771595,140.105
rocII-9-11,-11.972072042641067,253.188
rococoB10-011000,8350.199468479119,122.926
rococoC11-010100,8773.20654296875,139.125
rococoC11-011100,9024.20540557132,129.457
rococoC12-111000,27337.35738077382,139.859
roi2alpha3n4,-83.88099327640491,247.945
roi5alpha10n8,-91.91636036871482,526.480
roll3000,11097.127676855102,127.254
routing_0016,32230.36578947369,181.230
routing_GCM_0002,52976.78139534884,183.371
routing_GCM_0014,12125.486772486774,194.117
rout,981.8642857142862,115.426
rui-mbm,72758.0,128.500
rvb-sub,11.206514313652066,297.145
rwth-timetable,715260.9726068926,1905.262
s100,-0.17109675893254558,624.273
s1234,0.3619247857868245,166.016
s250r10,-0.17267704190548075,488.008
s55,-22.151773159006794,262.719
satellites1-25,-20.000000000000004,164.141
satellites2-40,-30.00000000000001,334.996
satellites3-25,-39.00000000000001,676.641
satellites3-40-fs,-39.00000000000002,358.090
savsched1,217.40357142857135,723.645
scpk1_core,267.04881553020954,137.086
scpk4,280.5442001972565,312.930
scpl4,211.74223174201285,574.059
scpm1,413.78208601624175,633.633
scpn2,350.4093583372049,895.660
sct1,-218.1390031281147,164.203
sct2,-231.11696381946666,128.266
sct31,-31.962662197677744,137.934
sct32,-62.990833480930284,145.363
sct5,-228.17655206165148,169.098
seqsolve3short4288excess384,-50571.28824275189,668.480
set1ch,32007.729870234445,116.773
set3-09,1263.077973510603,125.938
set5,-162.00000000000006,116.918
seymour1,403.84647412519274,133.230
seymour-disj-10,280.8178176986437,141.699
seymour,403.84647412519274,132.887
shiftreg_2_7,206.73305200000013,141.500
shipsched,0.0,223.664
shs1014,22137.41036286499,799.867
shs1042,9455.525826016097,728.066
siena1,10163179.229002547,209.828
sing11,18640171.224643264,418.281
sing17,35483848.87651381,742.828
sing359,22534478.962497983,1360.895
sing44,8102513.219399846,280.867
snip10x10-35r1budget17,30.0,503.414
snp-02-004-104,548044802.9750706,490.656
sorrell3,-512.0,369.125
sorrell4,-1024.0,465.457
sorrell7,-1024.0,219.004
sorrell8,-1023.0,144.891
sp150x300d,4.891111839947526,115.125
sp97ar,652560391.2475646,164.371
sp97ic,391836553.0633946,129.086
sp98ar,521033717.139929,167.812
sp98ic,444277568.9341516,179.605
sp98ir,216663444.58993602,131.199
splice1k1,-1646.777978971274,367.188
sprint_hidden06_j,100.92999999999999,131.062
sprint_hint01_j,65.09999999999997,169.094
square23,8.333333333333346,270.590
square31,8.499999999999979,491.297
square37,8.666666666664382,616.602
square41,8.839612486543437,731.984
square47,8.755813953490694,1240.340
stdc0025,-1743072.6205816471,211.211
stdc3282,-3505224.7292291042,291.520
stdc6262p,-1394276.6015363543,197.992
stdcd5113,-642167961.6190474,167.844
stdnc2018,-863562.7662999991,132.684
stein45,22.0,112.695
stockholm,0.755613415,218.422
stp3d,481.877786205067,521.375
sts405,134.99999999999997,135.426
sts729,243.00000000000048,207.043
supportcase10,3.3839236661380045,380.660
supportcase12,-7609.533053738846,1025.789
supportcase14,272.0000000000001,112.148
supportcase16,272.0000000000001,112.438
supportcase17,0.0,119.973
supportcase18,47.18666666666668,130.664
supportcase19,12677206.00000007,1647.195
supportcase20,2442.144011873613,129.281
supportcase22,0.0,579.531
supportcase23,-12952.0,226.215
supportcase26,1288.1021611356975,112.469
supportcase2,0.0,777.883
supportcase30,0.0,115.730
supportcase33,-552.5,187.949
supportcase34,72.66411619588514,303.891
supportcase37,-6407.838233568059,239.613
supportcase39,-1085325.2306985413,192.707
supportcase40,22536.483378767967,184.582
supportcase41,28.0,194.488
supportcase42,7.3435965453418675,235.402
supportcase43,0.0,676.664
supportcase4,0.0,163.238
supportcase6,45090.732163463355,302.078
supportcase7,-2396.218213128258,392.254
swath2,334.49685810000005,130.531
swath,334.49685810000005,127.910
System02_Example001,1301936.1710154195,357.562
T1_300_5000_0,264.8788146829258,113.156
t1717,134531.0214284176,251.047
t1722,98815.40761087406,177.844
T2_200_2000_0,1012.9090909090909,111.992
T2_300_1000_0,721.0,113.492
ta-BPWC_5_4_10,20.00000000000001,141.359
ta-BPWC_5_7_3,20.00000000000001,148.527
tanglegram4,0.0,326.426
tanglegram6,0.0,149.801
tbfp-bigm,-178.1539880549008,173.617
tbfp-network,23.261535493717908,182.773
timtab1CUTS,613590.0954260388,111.613
timtab2,83592.0,116.430
tokyometro,285.15625,140.934
toll-like,0.0,124.344
tpl-tub-ss16,150343.7862781617,1885.547
tpl-tub-ws1617,120698.03424047235,1873.031
traininstance2,0.0,147.680
transportmoment,-70929535815.38005,139.742
trd445c,-158420.57871552373,202.352
trdca23002,-29596.867367064915,150.234
trdcrooms,620425857.14503,890.930
trdHard5600-6,-24854.9373961929,132.668
trdHardCA4500-8,-13256.837907184732,132.484
trdnc18,-44197.59824833003,143.121
trdnc,-6679791.5,184.516
trdta0010,465793.00721401913,127.352
trdta5581,16021689.415340977,799.426
trdta8265,-187030.84417465227,185.984
trdta99,225364.8845866605,218.785
trdtatl9220,2647911.9700939013,144.406
trdtaunimep,1481830.2477746343,152.223
trento1,5182758.848055615,131.246
triptim1,22.868087500333786,390.160
triptim3,13.51174147427082,495.316
tw-myciel4,3.8380281690140836,139.305
uccase10,38988.69346922663,459.730
uc-case11,611267.0130020747,248.793
uccase12,11507.285323905237,276.199
uc-case3,7181.264177296404,261.359
uccase7,26527.789654232874,186.695
uccase8,11142.163195513474,250.203
uct-subprob,241.99999999999997,129.164
umts,29129565.16134437,125.879
unitcal_7,19387553.381271124,204.801
unitcc,74033.14137540583,2883.129
usafa,11.961748697905724,2406.734
v150d30-2hopcds,27.617490375272816,123.625
v150_d50_2hopCDS,5.244476087366095,129.281
van,1.7235201316055853,265.602
var-smallemery-m6j6,-156.0562681225369,267.176
vpm1,15.416666666666666,113.023
vpphard2,0.0,382.414
vpphard,0.0,234.355
wachplan,-9.0,129.180
wnq-n100-mw99-14,185.26315789473688,770.914
woodlands09,0.0,771.504
wqueens-100,0.0,121.480
wqueens-200,0.0,134.324
wqueens-300,0.0,223.500
wqueens-50,0.0,114.359
xhstt-italyp,26.99999999998181,250.715
xhstt-spainp,300.25000000000637,262.867
xmas10-2,-548.9046842370639,140.039
xmas10,-548.904684237064,145.023
yue20013.1.150,0.0,119.996
yue20023.1.150,0.0,122.922
z26,-1651.9375000000005,1016.469
zeil,813.5103081504857,503.070
zib54-UUE,3875862.8625892866,130.133
P1,21.667968946089168,363.762
